"cement","slag","ash","water","superplastic","coarseagg","fineagg","age","strength","ti_le_nuoc_ximang","log_strength"
141.3,212,0,203.5,0,971.8,748.5,28,29.89,1.44,3.43043250693049
168.9,42.2,124.3,158.3,10.8,1080.8,796.2,14,23.51,0.937,3.19908119754002
250,0,95.7,187.4,5.5,956.9,861.2,28,29.22,0.75,3.40850395684459
266,114,0,228,0,932,670,28,45.85,0.857,3.84695100868443
154.8,183.4,0,193.3,9.1,1047.4,696.7,28,18.29,1.249,2.95958682691764
255,0,0,192,0,889.8,945,90,21.86,0.753,3.12938865836666
166.8,250.2,0,203.5,0,975.6,692.6,7,15.75,1.22,2.81839825827108
251.4,0,118.3,188.5,6.4,1028.4,757.7,56,36.64,0.75,3.62806731471718
296,0,0,192,0,1085,765,28,21.65,0.649,3.12015985192904
155,184,143,194,9,880,699,28,28.99,1.252,3.40086399276092
151.8,178.1,138.7,167.5,18.3,944,694.6,28,36.35,1.103,3.62033291157883
173,116,0,192,0,946.8,856.8,3,6.94,1.11,2.07191327525904
385,0,0,186,0,966,763,14,27.92,0.483,3.36453339729056
237.5,237.5,0,228,0,932,594,7,26.26,0.96,3.30542042626839
167,187,195,185,7,898,636,28,23.89,1.108,3.2144661163795
213.8,98.1,24.5,181.7,6.7,1066,785.5,100,49.97,0.85,3.93123722435195
237.5,237.5,0,228,0,932,594,28,30.08,0.96,3.43656452549945
336,0,0,182,3,986,817,28,44.86,0.542,3.82559327742976
190.7,0,125.4,162.1,7.8,1090,804,3,15.04,0.85,2.77508560243837
312.7,0,0,178.1,8,999.7,822.2,28,25.1,0.57,3.26193531432865
229.7,0,118.2,195.2,6.1,1028.1,757.6,3,13.36,0.85,2.66444656362008
228,342.1,0,185.7,0,955.8,674.3,7,21.92,0.814,3.13200989184654
236,157,0,192,0,972.6,749.1,7,20.42,0.814,3.0643250650196
132,207,161,179,5,867,736,28,33.3,1.356,3.53514535417189
331,0,0,192,0,1025,821,28,31.74,0.58,3.48859757194299
310,143,0,168,10,914,804,28,45.3,0.542,3.83514196109219
304,76,0,228,0,932,670,90,49.19,0.75,3.91581580366684
425,106.3,0,153.5,16.5,852.1,887.1,91,65.2,0.361,4.19268046294296
166.1,0,163.3,176.5,4.5,1058.6,780.1,28,21.54,1.063,3.11529150861163
255,99,77,189,6,919,749,28,33.8,0.741,3.54961738678043
339,0,0,197,0,968,781,28,32.04,0.581,3.49771894865278
475,0,0,228,0,932,594,28,39.29,0.48,3.69610329920326
145.7,172.6,0,181.9,3.4,985.8,816.8,28,23.74,1.248,3.20842136696434
313,145,0,127,8,1000,822,28,44.52,0.406,3.81815178981808
331,0,0,192,0,1025,821,90,37.91,0.58,3.66125128699646
178,129.8,118.6,179.9,3.6,1007.3,746.8,28,39.16,1.011,3.69287147538347
165,0,143.6,163.8,0,1005.6,900.9,14,16.88,0.993,2.88368276974537
277.2,97.8,24.5,160.7,11.2,1061.7,782.5,14,47.71,0.58,3.88588434781845
325,0,0,184,0,1063,783,7,17.54,0.566,2.91993056013771
167,75.4,167,164,7.9,1007.3,770.1,28,41.41,0.982,3.7473841834865
194.7,0,100.5,170.2,7.5,998,901.8,14,24.28,0.874,3.23001356927866
246.8,0,125.1,143.3,12,1086.8,800.9,56,60.32,0.581,4.11610605400361
382,0,0,185,0,1047,739,28,37.42,0.484,3.64857815734041
149,118,92,183,7,953,780,28,23.52,1.228,3.19948911106801
531.3,0,0,141.8,28.2,852.1,893.7,91,59.2,0.267,4.09767235231478
387,20,94,157,11.6,938,845,56,61.46,0.406,4.13452635185493
193.5,290.2,0,185.7,0,998.2,704.3,7,17.2,0.96,2.90142159408275
326,0,138,199,11,801,792,28,40.68,0.61,3.73002139744511
337.9,189,0,174.9,9.5,944.7,755.8,28,49.9,0.518,3.92986292355648
425,106.3,0,153.5,16.5,852.1,887.1,3,33.4,0.361,3.53805656437935
200,200,0,190,0,1145,660,28,49.25,0.95,3.91701054693918
331,0,0,192,0,978,825,180,39,0.58,3.68887945411394
218.9,0,124.1,158.5,11.3,1078.7,794.9,56,37.27,0.724,3.64466629943761
234,156,0,189,5.9,981,760,28,39.3,0.808,3.69635146895264
309.9,142.8,111.2,167.8,22.1,913.9,651.2,28,38.22,0.541,3.6691868207682
350,0,0,186,0,1050,770,7,20.28,0.531,3.05776766447344
182,45.2,122,170.2,8.2,1059.4,780.7,100,48.67,0.935,3.90540112911926
480,0,0,192,0,936.2,712.2,7,34.57,0.4,3.57150258596036
295.7,0,95.6,171.5,8.9,955.1,859.2,14,35.23,0.58,3.58988750490699
250,0,95.7,187.4,5.5,956.9,861.2,100,42.35,0.75,3.76930670322655
178,129.8,118.6,179.9,3.6,1007.3,746.8,3,20.73,1.011,3.07869379426834
233.8,0,94.6,197.9,4.6,947,852.2,3,10.38,0.846,2.43185742869818
194.7,0,100.5,165.6,7.5,1006.4,905.9,100,37.34,0.851,3.6464937376175
379.5,151.2,0,153.9,15.9,1134.3,605,56,54.9,0.406,4.02356438016105
332.5,142.5,0,228,0,932,594,365,41.05,0.686,3.73885938641896
350,0,0,203,0,974,775,56,29.98,0.58,3.43334183498872
237,92,71,247,6,853,695,28,28.63,1.042,3.38878736158547
238.1,0,94.1,186.7,7,949.9,847,100,44.3,0.784,3.81330703248899
295.7,0,95.6,171.5,8.9,955.1,859.2,100,52.04,0.58,3.97104634587761
323.7,282.8,0,183.8,10.3,942.7,659.9,7,49.8,0.568,3.92789635458444
200,133,0,192,0,965.4,806.2,3,11.41,0.96,2.51850259921652
342,38,0,228,0,932,670,90,50.46,0.667,3.9408048068536
388.6,97.1,0,157.9,12.1,852.1,925.7,3,28.1,0.406,3.37073817417745
147.8,175.1,0,171.2,2.2,1000,828.5,28,26.92,1.158,3.32934327789417
290.4,0,96.2,168.1,9.4,961.2,865,56,45.08,0.579,3.83037901638764
500,0,0,200,0,1125,613,14,36.94,0.4,3.63600596450687
284,15,141,179,5.5,842,801,7,24.13,0.63,3.2240623515555
165,128.5,132.1,175.1,8.1,1005.8,746.6,3,19.42,1.061,3.01651481273652
218.2,54.6,123.8,140.8,11.9,1075.7,792.7,3,27.42,0.645,3.34709312266895
168.9,42.2,124.3,158.3,10.8,1080.8,796.2,56,39.15,0.937,3.69262244039277
190.3,0,125.2,161.9,9.9,1088.1,802.6,28,28.47,0.851,3.3833727967496
116,173,0,192,0,909.8,891.9,90,31.02,1.655,3.46636070756857
277,0,0,191,0,968,856,90,31.25,0.69,3.47351804324178
376,0,0,214.6,0,1003.5,762.4,100,43.06,0.571,3.7855523413742
236,0,0,194,0,968,885,14,12.84,0.822,2.62756295018952
273,0,90,199,11,931,762,28,32.24,0.729,3.50375396998725
500,0,0,140,4,966,853,28,67.57,0.28,4.22785512129627
212.5,0,100.4,159.3,8.7,1007.8,903.6,14,26.31,0.75,3.30725293548561
362.6,189,0,164.9,11.6,944.7,755.8,3,35.3,0.455,3.5918177412708
275.1,0,121.4,159.5,9.9,1053.6,777.5,3,23.8,0.58,3.21084365317094
139.6,209.4,0,192,0,1047,806.9,7,14.59,1.375,2.74662968306969
362.6,189,0,164.9,11.6,944.7,755.8,7,55.9,0.455,4.04129534113228
182,45.2,122,170.2,8.2,1059.4,780.7,14,21.5,0.935,3.11351530921037
427.5,47.5,0,228,0,932,594,180,41.84,0.533,3.75747224557955
183.9,122.6,0,203.5,0,959.2,800,3,4.9,1.107,1.77495235091167
475,0,59,142,1.9,1098,641,28,57.23,0.299,4.06440068584903
362.6,189,0,164.9,11.6,944.7,755.8,28,71.3,0.455,4.28082412916472
318.8,212.5,0,155.7,14.3,852.1,880.4,7,33.4,0.488,3.53805656437935
252,97,76,194,8,835,821,28,33.4,0.77,3.53805656437935
237.5,237.5,0,228,0,932,594,180,36.25,0.96,3.61765194482557
149.5,236,0,175.8,12.6,846.8,892.7,28,32.96,1.176,3.52518336144315
540,0,0,162,2.5,1055,676,28,61.89,0.3,4.14138716855541
313,0,113,178,8,1002,689,28,36.8,0.569,3.63230910262554
380,0,0,228,0,932,670,180,53.1,0.6,3.99083418585244
251.4,0,118.3,192.9,5.8,1043.6,754.3,3,11.98,0.767,2.56340971127594
436,0,0,218,0,838.4,719.7,28,23.85,0.5,3.21285775254264
155,0,143,193,9,877,868,28,9.74,1.245,2.37397508908072
281,0,0,186,0,1104,774,7,14.5,0.662,2.7408400239252
151.6,0,111.9,184.4,7.9,992,815.9,28,12.18,1.216,2.57870052907436
326.5,0,137.9,199,10.8,801.1,792.5,28,38.63,0.609,3.67958640720234
397,17.2,158,167,20.8,967,633,28,55.65,0.421,4.03689198747402
238,0,0,186,0,1119,789,7,12.05,0.782,2.5687881337687
158.6,148.9,116,175.1,15,953.3,719.7,28,27.68,1.104,3.35620001573142
385,0,0,186,0,966,763,28,31.35,0.483,3.47661402094691
302,0,0,203,0,974,817,14,18.13,0.672,2.95125778345216
192,288,0,192,0,929.8,716.1,3,12.79,1,2.62394369180521
155.6,243.5,0,180.3,10.7,1022,697.7,28,37.36,1.159,3.64701525001524
160,128,122,182,6.4,824,879,28,39.4,1.138,3.6988297849671
222.4,0,96.7,189.3,4.5,967.1,870.3,56,29.45,0.851,3.41608599415591
251.8,0,99.9,146.1,12.4,1006,899.8,14,33.36,0.58,3.53689309711605
331,0,0,192,0,978,825,7,16.26,0.58,2.84839168565528
250,0,95.7,191.8,5.3,948.9,857.2,56,39.64,0.767,3.70475280327023
155,183,0,193,9,877,868,28,23.79,1.245,3.2104403460471
213.5,0,174.2,154.6,11.7,1052.3,775.5,28,45.94,0.724,3.84887019042288
446,24,79,162,11.6,967,712,56,61.07,0.363,4.12826278042556
133,210,0,196,3,949,795,28,31.03,1.474,3.46667296362107
122.6,183.9,0,203.5,0,958.2,800.1,90,33.19,1.66,3.53193320365121
290.2,193.5,0,185.7,0,998.2,704.3,7,21.86,0.64,3.12938865836666
323.7,282.8,0,183.8,10.3,942.7,659.9,28,74.7,0.568,4.3267781604434
375,93.8,0,126.6,23.4,852.1,992.6,91,62.5,0.338,4.15103990589865
181.4,0,167,169.6,7.6,1055.6,777.8,28,27.77,0.935,3.35933317756346
298.2,0,107,209.7,11.1,879.6,744.2,28,31.88,0.703,3.49286457018798
236,0,0,193,0,968,885,7,9.99,0.818,2.39698576841553
236,0,0,193,0,968,885,365,25.08,0.818,3.26116873705845
339,0,0,197,0,968,781,3,13.22,0.581,2.65464942437509
387,20,94,157,14.3,938,845,56,56.34,0.406,4.04899846045522
166.8,250.2,0,203.5,0,975.6,692.6,90,43.57,1.22,3.79706098695846
387,20,94,157,13.9,938,845,28,46.68,0.406,3.86451202275709
133,200,0,192,0,927.4,839.2,3,6.88,1.444,2.06432790386979
162,214,164,202,10,820,680,28,30.65,1.247,3.45473814859019
262,111,86,195,5,895,733,28,33.72,0.744,3.54731588979215
213.7,98.1,24.5,181.7,6.9,1065.8,785.4,14,30.39,0.85,3.44648937085386
332.5,142.5,0,228,0,932,594,90,37.72,0.686,3.65635626240838
313.3,262.2,0,175.5,8.6,1046.9,611.8,7,42.8,0.56,3.7796338173824
302,0,0,203,0,974,817,180,26.74,0.672,3.32287541488669
183.9,122.6,0,203.5,0,959.2,800,90,32.53,1.107,3.51244056047814
500,0,0,200,0,1125,613,7,33.21,0.4,3.53251799898951
218.2,54.6,123.8,140.8,11.9,1075.7,792.7,28,55.51,0.645,4.03441761364175
387,20,94,157,11.6,938,845,28,46.68,0.406,3.86451202275709
380,95,0,228,0,932,594,270,41.15,0.6,3.74123468444786
213.5,0,174.2,159.2,11.7,1043.6,771.9,14,29.59,0.746,3.42067315816281
160,188,146,203,11,829,710,28,32.84,1.269,3.52164353473802
322,0,0,203,0,974,800,180,29.59,0.63,3.42067315816281
173.5,50.1,173.5,164.8,6.5,1006.2,793.5,14,33.01,0.95,3.5266545990191
252,0,0,186,0,1111,784,7,11.47,0.738,2.52332575969195
299.8,0,119.8,211.5,9.9,878.2,727.6,28,23.84,0.705,3.21245525706528
531.3,0,0,141.8,28.2,852.1,893.7,28,56.4,0.267,4.05004430332552
198.6,132.4,0,192,0,978.4,825.5,360,44.3,0.967,3.81330703248899
116,173,0,192,0,909.8,891.9,28,22.35,1.655,3.15059698411491
304,76,0,228,0,932,670,365,55.26,0.75,4.02998380306171
331,0,0,192,0,978,825,28,31.45,0.58,3.4797004431501
286.3,200.9,0,144.7,11.2,1004.6,803.7,28,67.7,0.505,4.2297491992283
349,0,0,192,0,1047,806,7,18.13,0.55,2.95125778345216
520,0,0,170,5.2,855,855,28,60.28,0.327,4.11545352543234
252.1,97.1,75.6,193.8,8.3,835.5,821.4,28,33.4,0.769,3.53805656437935
255.5,170.3,0,185.7,0,1026.6,724.3,7,17.24,0.727,2.90361698464619
446,24,79,162,11.6,967,712,28,44.42,0.363,3.81595253667741
172.4,13.6,172.4,156.8,4.1,1006.3,856.4,100,37.68,0.91,3.65532267058509
190.7,0,125.4,162.1,7.8,1090,804,56,35.34,0.85,3.59291906296803
322,149,0,186,8,951,709,28,52.42,0.578,3.97818520768181
446,24,79,162,11.6,967,712,28,57.03,0.363,4.06096011820252
178,129.8,118.6,179.9,3.6,1007.3,746.8,56,48.59,1.011,3.90378920050104
212.1,0,121.6,180.3,5.7,1057.6,779.3,3,12.47,0.85,2.60046499042227
276,116,90,180,9,870,768,28,44.28,0.652,3.81286543389493
393,0,0,192,0,940.6,785.6,90,48.85,0.489,3.90901849640785
238.1,0,0,185.7,0,1118.8,789.3,28,17.58,0.78,2.92208573338569
230,0,118.3,195.5,4.6,1029.4,758.6,3,10.03,0.85,2.40061883326541
389.9,189,0,145.9,22,944.7,755.8,3,40.6,0.374,3.72810016726722
157,236,0,192,0,935.4,781.2,90,43.38,1.223,3.79278891750445
296,0,0,192,0,1085,765,7,14.2,0.649,2.72129542785223
230,0,118.3,195.5,4.6,1029.4,758.6,28,24.48,0.85,3.23789383070396
359,19,141,154,10.9,942,801,28,59.49,0.429,4.10247806211882
374,189.2,0,170.1,10.1,926.1,756.7,56,63.4,0.455,4.16511363311031
102,153,0,192,0,887,942,7,7.68,1.882,2.16102152867226
202,11,141,206,1.7,942,801,3,9.85,1.02,2.38416507998647
350,0,0,203,0,974,775,14,22.53,0.58,3.15827620273927
236,157,0,192,0,972.6,749.1,28,32.88,0.814,3.52282486978385
252,0,0,185,0,1111,784,7,13.71,0.734,2.68852753461335
252.3,0,98.8,146.3,14.2,987.8,889,100,60.95,0.58,4.12632760807515
336.5,0,0,181.9,3.4,985.8,816.8,28,44.87,0.541,3.82581130860908
362.6,189,0,164.9,11.6,944.7,755.8,56,77.3,0.455,4.36054760299676
218.2,54.6,123.8,140.8,11.9,1075.7,792.7,56,61.99,0.645,4.14297598363384
315,137,0,145,5.9,1130,745,28,81.75,0.46,4.41582401425717
159,209,161,201,7,848,669,28,30.88,1.264,3.46197885392201
154.8,183.4,0,193.3,9.1,877.2,867.7,28,23.79,1.249,3.2104403460471
281,0,0,186,0,1104,774,28,22.44,0.662,3.15444396470881
231.8,0,121.6,174,6.7,1056.4,778.5,14,26.77,0.751,3.32395630131871
318.8,212.5,0,155.7,14.3,852.1,880.4,91,68.1,0.488,4.23555473077362
266,114,0,228,0,932,670,365,52.91,0.857,3.98731598946358
277,0,0,191,0,968,856,180,32.33,0.69,3.50645789231965
166.8,250.2,0,203.5,0,975.6,692.6,28,33.95,1.22,3.55391846867982
159.8,250,0,168.4,12.2,1049.3,688.2,28,39.46,1.054,3.7003138317396
397,0,0,185.7,0,1040.6,734.3,7,25.45,0.468,3.27525615830431
231.8,0,121.6,174,6.7,1056.4,778.5,100,45.84,0.751,3.84673753872952
164.6,0,150.4,181.6,11.7,1023.3,728.9,28,18.03,1.103,2.94601668130806
122.6,183.9,0,203.5,0,958.2,800.1,28,24.29,1.66,3.23040906068187
136.4,161.6,125.8,171.6,10.4,922.6,764.4,28,29.07,1.258,3.40352799700044
190,190,0,228,0,932,670,180,46.93,1.2,3.86974161317154
337.9,189,0,174.9,9.5,944.7,755.8,56,59.89,0.518,4.10906895762048
349,0,0,192,0,1047,806,90,39.49,0.55,3.70105503004407
184,86,190,213,6,923,623,28,22.93,1.158,3.17513290192028
424,22,132,178,8.5,822,750,7,39,0.42,3.68887945411394
379.5,151.2,0,153.9,15.9,1134.3,605,28,52.2,0.406,3.9740583963476
212,0,124.8,159,7.8,1085.4,799.5,3,19.52,0.75,3.02140002030257
156,243,0,180,11,1022,698,28,37.36,1.154,3.64701525001524
136,196,98,199,6,847,783,28,26.97,1.463,3.33113250721387
246.8,0,125.1,143.3,12,1086.8,800.9,100,66.42,0.581,4.21094170980591
203.5,135.7,0,185.7,0,1076.2,759.3,7,11.96,0.913,2.56186769092413
385,0,0,186,0,966,763,3,14.7,0.483,2.75366071235426
181.4,0,167,169.6,7.6,1055.6,777.8,3,13.62,0.935,2.68239045432163
254,0,0,198,0,968,863,90,26.94,0.78,3.33005935382882
359,19,141,154,10.9,942,801,3,23.64,0.429,3.20437113866532
230,0,118.3,195.5,4.6,1029.4,758.6,100,35.34,0.85,3.59291906296803
382,0,0,186,0,1047,739,7,24,0.487,3.2188758248682
220.8,147.2,0,185.7,0,1055,744.3,28,25.75,0.841,3.28653447334202
313.3,0,113,178.5,8,1001.9,688.7,28,36.8,0.57,3.63230910262554
167.4,129.9,128.6,175.5,7.8,1006.3,746.6,56,51.72,1.048,3.96499489019425
144,170,133,192,8,814,805,28,29.87,1.333,3.42978483851407
310,0,0,192,0,1012,830,90,35.76,0.619,3.60441029748749
425,106.3,0,151.4,18.6,936,803.7,56,64.9,0.356,4.18813844150846
108.3,162.4,0,203.5,0,938.2,849,3,2.33,1.879,1.20297230399235
214.9,53.8,121.9,155.6,9.6,1014.3,780.6,3,18.02,0.724,2.94549105711724
469,117.2,0,137.8,32.2,852.1,840.5,56,69.3,0.294,4.25277179881662
310,0,0,192,0,1012,830,28,27.83,0.619,3.36141651165031
522,0,0,146,0,896,896,7,50.51,0.28,3.94177596357749
236,0,0,194,0,968,885,3,6.47,0.822,2.01089499914473
213.7,98.1,24.5,181.7,6.9,1065.8,785.4,3,18,0.85,2.94443897916644
250.2,166.8,0,203.5,0,977.6,694.1,3,9.73,0.813,2.37304355664261
149,153,194,192,8,935,623,28,24.58,1.289,3.2418107961507
439,177,0,186,11.1,884.9,707.9,56,71.7,0.424,4.28634138453947
313,145,0,178,8,1002,689,28,41.05,0.569,3.73885938641896
427.5,47.5,0,228,0,932,594,90,41.54,0.533,3.75044480977209
165,0,143.6,163.8,0,1005.6,900.9,28,26.2,0.993,3.30321697330195
322.5,148.6,0,185.8,8.5,951,709.5,28,52.43,0.576,3.97837238596968
393,0,0,192,0,940,758,90,48.79,0.489,3.90781416065409
362.6,189,0,164.9,11.6,944.7,755.8,91,79.3,0.455,4.38576962095272
122.6,183.9,0,203.5,0,958.2,800.1,3,3.32,1.66,1.46325540225602
213.7,0,174.7,154.8,10.2,1053.5,776.4,28,40.15,0.724,3.71722392712308
200,0,0,180,0,1125,845,28,12.25,0.9,2.58399755243223
108.3,162.4,0,203.5,0,938.2,849,90,29.23,1.879,3.40883480879137
213.8,98.1,24.5,181.7,6.7,1066,785.5,28,40.23,0.85,3.71916614671881
290.4,0,96.2,168.1,9.4,961.2,865,28,34.74,0.579,3.57627050973128
153,239,0,200,6,1002,684,28,26.86,1.307,3.32719196835166
229.7,0,118.2,195.2,6.1,1028.1,757.6,56,31.35,0.85,3.47661402094691
251.4,0,118.3,192.9,5.8,1043.6,754.3,28,33.27,0.767,3.53427033588652
322,0,0,203,0,974,800,14,20.77,0.63,3.08053287524646
525,0,0,189,0,1125,613,270,67.11,0.36,4.22112404525323
389.9,189,0,145.9,22,944.7,755.8,56,79.4,0.374,4.38701417618492
252.3,0,98.8,146.3,14.2,987.8,889,14,42.29,0.58,3.76792166145389
475,118.8,0,181.1,8.9,852.1,781.5,3,37.8,0.381,3.65842024662923
259.9,100.6,78.4,170.6,10.4,935.7,762.9,28,49.77,0.656,3.9273056289593
310,0,0,192,0,1012,830,7,17.24,0.619,2.90361698464619
266,114,0,228,0,932,670,270,51.73,0.857,3.96518455354238
236.9,91.7,71.5,246.9,6,852.9,695.4,28,28.63,1.042,3.38878736158547
366,187,0,191.3,6.6,824.3,756.9,28,65.91,0.523,4.20334843279473
333,0,0,192,0,931.2,842.6,3,15.62,0.577,2.8106067894273
326,166,0,174,9,882,790,28,61.23,0.534,4.13083719858113
145.9,230.5,0,202.5,3.4,827,871.8,28,32.72,1.388,3.51809113313365
133,200,0,192,0,927.4,839.2,7,13.66,1.444,2.68512269645851
251.4,0,118.3,188.5,5.8,1028.4,757.7,56,36.97,0.75,3.63679637424371
500,0,0,200,0,1125,613,270,55.16,0.4,4.02820475971756
154.8,0,142.8,193.3,9.1,1047.4,696.7,28,12.46,1.249,2.59972232421658
349,0,0,192,0,1056,809,120,40.86,0.55,3.73433071701785
389.9,189,0,145.9,22,944.7,755.8,28,74.5,0.374,4.32413265625498
162,190.1,148.1,178.8,18.8,838.1,741.4,28,33.76,1.104,3.54846730039719
277.1,0,97.4,160.6,11.8,973.9,875.6,100,55.64,0.58,4.03671544938546
166,260,0,183,13,859,827,28,37.91,1.102,3.66125128699646
277,116.8,91,190.6,7,946.5,665.6,28,43.58,0.688,3.79728532795772
425,106.3,0,153.5,16.5,852.1,887.1,3,33.4,0.361,3.53805656437935
439,177,0,186,11.1,884.9,707.9,28,66,0.424,4.20469261939097
540,0,0,173,0,1125,613,3,41.64,0.32,3.75279277985759
480,0,0,192,0,936.2,712.2,28,43.94,0.4,3.80532826675718
382,0,0,186,0,1047,739,28,37.42,0.487,3.64857815734041
475,0,0,228,0,932,594,90,42.23,0.48,3.76653469867954
143,169,143,191,8,967,643,28,29.72,1.336,3.42491390827947
203.5,305.3,0,203.5,0,963.4,630,90,51.86,1,3.96764690917614
374,189.2,0,170.1,10.1,926.1,756.7,91,64.9,0.455,4.18813844150846
181.9,272.8,0,185.7,0,1012.4,714.3,7,12.37,1.021,2.59301339111385
153,145,113,178,8,867,824,28,26.23,1.163,3.30431930668567
450.1,50,0,200,3,1124.4,613.2,28,39.38,0.444,3.69833461288469
238,0,0,186,0,1119,789,28,17.54,0.782,2.91993056013771
380,0,0,228,0,932,670,90,52.91,0.6,3.98731598946358
469,117.2,0,137.8,32.2,852.1,840.5,91,70.7,0.294,4.27249074760558
528,0,0,185,6.9,920,720,28,56.83,0.35,4.05750767217013
238.2,158.8,0,185.7,0,1040.6,734.3,28,26.91,0.78,3.32898504754823
186.2,124.1,0,185.7,0,1083.4,764.3,28,17.6,0.997,2.92316158071916
212.6,0,100.4,159.4,10.4,1003.8,903.8,28,37.4,0.75,3.64805745959368
475,0,0,228,0,932,594,270,42.13,0.48,3.76421881065975
425,106.3,0,153.5,16.5,852.1,887.1,3,33.4,0.361,3.53805656437935
198.6,132.4,0,192,0,978.4,825.5,3,9.13,0.967,2.31550131826059
491,26,123,201,3.9,822,699,7,37.92,0.409,3.6615082573178
277.1,0,97.4,160.6,11.8,973.9,875.6,56,51.04,0.58,3.9520126536443
342,38,0,228,0,932,670,180,52.12,0.667,3.97255350516818
387,20,94,157,13.9,938,845,7,45.9,0.406,3.84801767545223
152.6,238.7,0,200,6.3,1001.8,683.9,28,26.86,1.311,3.32719196835166
281,0,0,185,0,1104,774,28,22.44,0.658,3.15444396470881
198.6,132.4,0,192,0,978.4,825.5,90,38.07,0.967,3.66535490906698
491,26,123,210,3.9,882,699,28,55.55,0.428,4.03512520256213
290.4,0,96.2,168.1,9.4,961.2,865,14,34.67,0.579,3.5743099993708
144,0,175,158,18,943,844,28,15.42,1.097,2.79850010402428
246.8,0,125.1,143.3,12,1086.8,800.9,14,42.22,0.581,3.76630335107874
252.5,0,0,185.7,0,1111.6,784.3,28,19.77,0.735,3.03350963788802
236,0,0,193,0,968,885,180,24.1,0.818,3.22286784613774
540,0,0,173,0,1125,613,270,74.17,0.32,4.31975221518938
295,0,0,185,0,1069,769,7,14.8,0.627,2.76000994003292
150.7,0,185.3,166.7,15.6,1074.5,678,28,13.46,1.106,2.67138621673062
218.9,0,124.1,158.5,11.3,1078.7,794.9,28,30.22,0.724,3.44105891508729
233.8,0,94.6,197.9,4.6,947,852.2,14,22.14,0.846,3.14156272176553
249.1,0,98.8,158.1,12.8,987.8,889,100,51.06,0.635,3.95239689956642
339,0,0,185,0,1069,754,28,31.84,0.546,3.49164728458423
505,0,60,195,0,1030,630,28,64.02,0.386,4.17469491487576
230,0,118.3,195.5,4.6,1029.4,758.6,56,31.54,0.85,3.48247010179089
374,189.2,0,170.1,10.1,926.1,756.7,3,34.4,0.455,3.56671182013973
139.6,209.4,0,192,0,1047,806.9,360,44.7,1.375,3.82209829790016
148.1,0,136.6,158.1,16.1,1001.8,830.1,28,17.96,1.068,2.94233149682688
190.3,0,125.2,161.9,9.9,1088.1,802.6,100,40.39,0.851,3.72303930576064
376,0,0,214.6,0,1003.5,762.4,14,25.62,0.571,3.28166281296697
251.4,0,118.3,188.5,6.4,1028.4,757.7,28,32.66,0.75,3.51631018876266
157,236,0,192,0,935.4,781.2,7,16.89,1.223,2.88424189752063
304,76,0,228,0,932,670,28,47.81,0.75,3.88793520989906
167.4,129.9,128.6,175.5,7.8,1006.3,746.6,14,31.81,1.048,3.49073334697301
304,140,0,214,6,895,722,28,33.42,0.704,3.53863779078339
182,45.2,122,170.2,8.2,1059.4,780.7,3,7.32,0.935,2.11866225483312
252,0,0,185,0,1111,784,28,19.69,0.734,3.02965049175745
323.7,282.8,0,183.8,10.3,942.7,659.9,3,28.3,0.568,3.37758751602302
350,0,0,203,0,974,775,90,31.35,0.58,3.47661402094691
213.5,0,174.2,159.2,11.7,1043.6,771.9,100,52.96,0.746,3.98824303133956
286.3,200.9,0,144.7,11.2,1004.6,803.7,91,76.8,0.505,4.35414143118435
143.7,170.2,132.6,191.6,8.5,814.1,805.3,28,29.87,1.333,3.42978483851407
236,157,0,192,0,972.6,749.1,90,47.78,0.814,3.88732039278777
213.7,0,174.7,154.8,10.2,1053.5,776.4,14,33.73,0.724,3.54760386675598
181.4,0,167,169.6,7.6,1055.6,777.8,100,45.37,0.935,3.83665269840337
249.1,0,98.8,158.1,12.8,987.8,889,56,42.03,0.635,3.76189754685051
193.5,290.2,0,185.7,0,998.2,704.3,28,32.63,0.96,3.51541852575218
194.7,0,100.5,170.2,7.5,998,901.8,28,37.27,0.874,3.64466629943761
289,134,0,195,6,924,760,28,46.24,0.675,3.85524099132916
298,137,107,201,6,878,655,28,53.52,0.674,3.99856760682833
192,288,0,192,0,929.8,716.1,90,50.73,1,3.94603788401542
213.5,0,174.2,159.2,11.7,1043.6,771.9,56,51.26,0.746,3.95623126009247
190,190,0,228,0,932,670,28,40.86,1.2,3.73433071701785
173,116,0,192,0,946.8,856.8,90,32.1,1.11,3.49953328238302
213.5,0,174.2,154.6,11.7,1052.3,775.5,3,17.37,0.724,2.91071889922703
173.8,93.4,159.9,172.3,9.7,1007.2,746.6,28,37.81,0.991,3.65867794538081
284,120,0,168,7,970,794,28,40.93,0.592,3.73600156118267
135.7,203.5,0,185.7,0,1076.2,759.3,7,7.51,1.368,2.14124194258528
246.8,0,125.1,143.3,12,1086.8,800.9,28,52.5,0.581,3.97968165390196
136,162,126,172,10,923,764,28,29.07,1.265,3.40352799700044
139.6,209.4,0,192,0,1047,806.9,3,8.06,1.375,2.20386912005489
250,0,95.7,187.4,5.5,956.9,861.2,14,24.92,0.75,3.25501487148407
475,0,0,228,0,932,594,180,42.62,0.48,3.77551576077348
149,139,109,193,6,892,780,28,23.69,1.295,3.20639830335709
277,0,0,191,0,968,856,360,33.7,0.69,3.54673968695281
225,0,0,181,0,1113,833,7,11.17,0.804,2.49897390699944
289,133.7,0,194.9,5.5,924.1,760.1,28,46.25,0.674,3.85545265393975
480,0,0,192,0,936.2,712.2,90,54.32,0.4,4.01313450679656
153,102,0,192,0,888,943.1,90,26.32,1.255,3.30761903470259
231.8,0,121.6,174,6.7,1056.4,778.5,56,42.7,0.751,3.77734810210154
225,0,0,181,0,1113,833,28,17.34,0.804,2.90908446682832
190.3,0,125.2,166.6,9.9,1079,798.9,14,19.42,0.875,3.01651481273652
172.4,13.6,172.4,156.8,4.1,1006.3,856.4,28,33.69,0.91,3.54645146098166
266,114,0,228,0,932,670,180,48.7,0.857,3.90600493310258
212.5,0,100.4,159.3,8.7,1007.8,903.6,28,31.64,0.75,3.48553853009591
172.4,13.6,172.4,156.8,4.1,1006.3,856.4,56,35.85,0.91,3.60685561863535
388.6,97.1,0,157.9,12.1,852.1,925.7,28,50.7,0.406,3.94545778151438
277,0,0,191,0,968,856,28,25.97,0.69,3.29472513715164
141.3,212,0,203.5,0,971.8,748.5,3,4.83,1.44,1.7630170003624
339,0,0,197,0,968,781,90,35.17,0.581,3.58823004596401
289,0,0,192,0,913.2,895.3,90,32.07,0.664,3.4986265269937
154.8,0,142.8,193.3,9.1,877.2,867.7,28,9.74,1.249,2.37397508908072
480,0,0,192,0,936,721,28,43.89,0.4,3.80421505279384
198.6,132.4,0,192,0,978.4,825.5,28,28.02,0.967,3.36798524745604
194.7,0,100.5,165.6,7.5,1006.4,905.9,28,25.72,0.851,3.28541234866844
349,0,0,192,0,1056,809,7,9.01,0.55,2.30358459332713
366,187,0,191,7,824,757,28,65.91,0.522,4.20334843279473
236,0,0,194,0,968,885,90,21.95,0.822,3.13331793650655
305.3,203.5,0,203.5,0,965.4,631,28,43.38,0.667,3.79278891750445
213.8,98.1,24.5,181.7,6.7,1066,785.5,56,47.13,0.85,3.87390568331502
218.2,54.6,123.8,140.8,11.9,1075.7,792.7,14,35.96,0.645,3.60983624677348
238.2,158.8,0,185.7,0,1040.6,734.3,7,15.69,0.78,2.81480973767374
159,187,0,176,11,990,789,28,32.76,1.107,3.51927666972776
102,153,0,192,0,887,942,90,25.46,1.882,3.27563415868681
170.3,155.5,0,185.7,0,1026.6,724.3,7,10.73,1.09,2.46214966266538
425,106.3,0,153.5,16.5,852.1,887.1,7,49.2,0.361,3.91601502669768
342,38,0,228,0,932,670,365,56.14,0.667,4.04550439680263
173.5,50.1,173.5,164.8,6.5,1006.2,793.5,3,23.08,0.95,3.18138162044062
330.5,169.6,0,194.9,8.1,811,802.3,28,56.62,0.59,4.05386972965638
318.8,212.5,0,155.7,14.3,852.1,880.4,28,55.5,0.488,4.0342406381524
304.8,0,99.6,196,9.8,959.4,705.2,28,30.12,0.643,3.43785069931019
266,112,87,178,10,910,745,28,39.42,0.669,3.69932471197547
165,128.5,132.1,175.1,8.1,1005.8,746.6,14,33.09,1.061,3.52900408614981
362.6,189,0,164.9,11.6,944.7,755.8,3,35.3,0.455,3.5918177412708
139.6,209.4,0,192,0,1047,806.9,90,39.36,1.375,3.69783919548541
150,237,0,174,12,1069,675,28,37.43,1.16,3.64883840457675
310,142.8,0,167.9,10,914.3,804,28,45.3,0.542,3.83514196109219
148,0,182,181,15,839,884,28,15.52,1.223,2.80457176809283
203.5,305.3,0,203.5,0,963.4,630,28,41.68,1,3.75373042643355
212,0,124.8,159,7.8,1085.4,799.5,14,31.35,0.75,3.47661402094691
102,153,0,192,0,887,942,3,4.57,1.882,1.71739505393919
305.3,203.5,0,203.5,0,965.4,631,90,54.6,0.667,4.01818320125654
183.9,122.6,0,203.5,0,959.2,800,28,24.05,1.107,3.22087382753087
296,0,107,221,11,819,778,28,31.42,0.747,3.47877551630753
275.1,0,121.4,159.5,9.9,1053.6,777.5,100,58.61,0.58,4.08782334523184
424,22,132,178,8.5,822,750,56,65.7,0.42,4.20020495292158
166.1,0,163.3,176.5,4.5,1058.6,780.1,3,10.76,1.063,2.46470394247048
297.8,137.2,106.9,201.3,6,878.4,655.3,28,53.52,0.676,3.99856760682833
321.3,164.2,0,190.5,4.6,870,774,28,57.22,0.593,4.06422893831748
333,0,0,192,0,931.2,842.6,90,41.68,0.577,3.75373042643355
102,153,0,192,0,887,942,28,17.28,1.882,2.905807566026
388.6,97.1,0,157.9,12.1,852.1,925.7,91,57.6,0.406,4.07073469658297
480,0,0,192,0,936,721,90,54.28,0.4,4.01241117945941
362.6,189,0,164.9,11.6,944.7,755.8,3,35.3,0.455,3.5918177412708
134.7,0,165.7,180.2,10,961,804.9,28,13.29,1.338,2.65955999194178
250,0,95.7,187.4,5.5,956.9,861.2,3,13.82,0.75,2.69597761986794
284,15,141,179,5.5,842,801,56,44.52,0.63,3.81815178981808
393,0,0,192,0,940.6,785.6,7,27.74,0.489,3.35828988065088
475,118.8,0,181.1,8.9,852.1,781.5,91,74.19,0.381,4.32001824338994
212.5,0,100.4,159.3,8.7,1007.8,903.6,100,42.92,0.75,3.78236979720128
251.4,0,118.3,188.5,5.8,1028.4,757.7,3,17.22,0.75,2.90251989183181
275.1,0,121.4,159.5,9.9,1053.6,777.5,28,51.33,0.58,3.95756982038412
166.8,250.2,0,203.5,0,975.6,692.6,3,6.9,1.22,2.06686275947298
173.8,93.4,159.9,172.3,9.7,1007.2,746.6,3,15.82,0.991,2.8225686545448
374,189.2,0,170.1,10.1,926.1,756.7,28,61.09,0.455,4.1285849453768
168,42.1,163.8,121.8,5.7,1058.7,780.1,28,24.24,0.725,3.22843003767301
425,106.3,0,153.5,16.5,852.1,887.1,28,60.29,0.361,4.11561669749764
331,0,0,192,0,1025,821,120,39.38,0.58,3.69833461288469
525,0,0,189,0,1125,613,14,48.4,0.36,3.89995042419388
446,24,79,162,10.3,967,712,28,53.39,0.363,3.99618031343487
300,0,120,212,10,878,728,28,23.84,0.707,3.21245525706528
213.8,98.1,24.5,181.7,6.7,1066,785.5,14,17.84,0.85,2.93598226914822
255,0,0,192,0,889.8,945,3,8.2,0.753,2.21920348405499
275.1,0,121.4,159.5,9.9,1053.6,777.5,14,38.77,0.58,3.6831128592196
382.5,0,0,185.7,0,1047.8,739.3,28,37.44,0.485,3.64909858410209
359,19,141,154,10.9,942,801,7,35.75,0.429,3.60413822565885
190.3,0,125.2,166.6,9.9,1079,798.9,56,31.72,0.875,3.48798651173455
290.2,193.5,0,185.7,0,998.2,704.3,28,33.04,0.64,3.52753630370517
380,95,0,228,0,932,594,90,40.56,0.6,3.72713816623103
165,128.5,132.1,175.1,8.1,1005.8,746.6,100,55.02,1.061,4.02570876983196
375,93.8,0,126.6,23.4,852.1,992.6,7,45.7,0.338,3.84374416467485
331,0,0,192,0,978,825,360,41.24,0.58,3.74336763939801
277,117,91,191,7,946,666,28,43.57,0.69,3.79706098695846
321,0,128,182,11,870,780,28,37.26,0.567,3.64440496401211
313.3,262.2,0,175.5,8.6,1046.9,611.8,56,64.9,0.56,4.18813844150846
522,0,0,146,0,896,896,28,74.99,0.28,4.33060175268169
446,24,79,162,11.6,967,712,56,56.14,0.363,4.04550439680263
339.2,0,0,185.7,0,1069.2,754.3,7,21.18,0.547,3.09919098192222
286.3,200.9,0,144.7,11.2,1004.6,803.7,7,38,0.505,3.66356164612965
288,192,0,192,0,932,717.8,90,50.53,0.667,3.94216416234013
212.6,0,100.4,159.4,10.4,1003.8,903.8,14,25.37,0.75,3.2722270003652
400,0,0,187,0,1025,745,28,43.7,0.468,3.79997350161952
155.2,183.9,143.2,193.8,9.2,879.6,698.5,28,28.99,1.249,3.40086399276092
349,0,0,192,0,1047,806,28,32.72,0.55,3.51809113313365
334,17.6,158,189,15.3,967,633,28,44.33,0.566,3.81396906495276
168,42.1,163.8,121.8,5.7,1058.7,780.1,100,39.23,0.725,3.6946129859617
362.6,189,0,164.9,11.6,944.7,755.8,56,77.3,0.455,4.36054760299676
255.5,170.3,0,185.7,0,1026.6,724.3,28,32.05,0.727,3.4980215662977
427.5,47.5,0,228,0,932,594,365,43.7,0.533,3.79997350161952
439,177,0,186,11.1,884.9,707.9,3,39.3,0.424,3.69635146895264
261.9,110.5,86.1,195.4,5,895.2,732.6,28,33.72,0.746,3.54731588979215
252,0,0,185,0,1111,784,28,19.69,0.734,3.02965049175745
485,0,0,146,0,1120,800,28,71.99,0.301,4.29032244546354
194.7,0,100.5,165.6,7.5,1006.4,905.9,3,12.45,0.851,2.59897910604785
148,175,0,171,2,1000,828,28,26.92,1.155,3.32934327789417
288,192,0,192,0,932,717.8,28,38.8,0.667,3.68386691229039
359,19,141,154,10.9,942,801,56,66.78,0.429,4.21626716617891
356,0,142,193,11,801,778,28,40.87,0.542,3.73456958003105
382,0,0,186,0,1111,784,7,11.47,0.487,2.52332575969195
439,177,0,186,11.1,884.9,707.9,91,73.3,0.424,4.30811095172371
264.5,111,86.5,195.5,5.9,832.6,790.4,28,41.54,0.739,3.75044480977209
190.7,0,125.4,162.1,7.8,1090,804,14,21.06,0.85,3.09376601382536
173.8,93.4,159.9,172.3,9.7,1007.2,746.6,100,50.94,0.991,3.9500892062346
317.9,0,126.5,209.7,5.7,860.5,736.6,28,40.06,0.66,3.71503441159079
288.4,121,0,177.4,7,907.9,829.5,28,42.14,0.615,3.76445064096101
425,106.3,0,153.5,16.5,852.1,887.1,91,65.2,0.361,4.19268046294296
359,19,141,154,10.9,942,801,3,25.12,0.429,3.26270130440823
237.5,237.5,0,228,0,932,594,365,39,0.96,3.68887945411394
133,200,0,192,0,927.4,839.2,28,27.87,1.444,3.36280299367484
427.5,47.5,0,228,0,932,594,28,37.43,0.533,3.64883840457675
162,207,172,216,10,822,638,28,39.84,1.333,3.70966199329646
251.8,0,99.9,146.1,12.4,1006,899.8,56,44.14,0.58,3.80976877138939
425,106.3,0,153.5,16.5,852.1,887.1,56,64.3,0.361,4.17899203628239
491,26,123,210,3.9,882,699,7,33.49,0.428,3.54066942694875
275,180,120,162,10.4,830,765,28,76.24,0.589,4.34691745756031
145.4,0,178.9,201.7,7.8,824,868.7,28,10.54,1.387,2.44581926107995
362.6,189,0,164.9,11.6,944.7,755.8,91,79.3,0.455,4.38576962095272
277.2,97.8,24.5,160.7,11.2,1061.7,782.5,3,30.45,0.58,3.44839898314645
212.5,0,100.4,159.3,8.7,1007.8,903.6,3,13.54,0.75,2.67690347210537
218.9,0,124.1,158.5,11.3,1078.7,794.9,100,46.23,0.724,3.85502928390803
297.2,0,117.5,174.8,9.5,1022.8,753.5,14,36.99,0.588,3.63732296719953
333,0,0,192,0,931.2,842.6,28,31.97,0.577,3.49559805708364
280,129,100,172,9,825,805,28,52.82,0.614,3.98564514529876
178,129.8,118.6,179.9,3.6,1007.3,746.8,100,49.99,1.011,3.93162953506706
339,0,0,185,0,1060,754,28,31.65,0.546,3.48584485572244
500,0,0,200,0,1125,613,1,12.64,0.4,2.61300665241532
362.6,189,0,164.9,11.6,944.7,755.8,7,22.9,0.455,3.17387845893747
375,93.8,0,126.6,23.4,852.1,992.6,3,29,0.338,3.40119738166216
382,0,0,185,0,1047,739,7,24,0.484,3.2188758248682
451,0,0,165,11.3,1030,745,28,78.8,0.366,4.37952350445576
251.8,0,99.9,146.1,12.4,1006,899.8,28,33.94,0.58,3.55363230470591
212,141.3,0,203.5,0,973.4,750,90,39.7,0.96,3.70622809244855
153,102,0,192,0,888,943.1,7,8.37,1.255,2.23751309625033
318.8,212.5,0,155.7,14.3,852.1,880.4,3,25.2,0.488,3.26575941076705
296,0,0,186,0,1090,769,28,25.18,0.628,3.26499576048175
313.8,0,112.6,169.9,10.1,925.3,782.9,28,38.46,0.541,3.67528750059447
164,0,200,181,13,849,846,28,15.09,1.104,2.77819796100429
297.2,0,117.5,174.8,9.5,1022.8,753.5,56,51.96,0.588,3.96953691162875
231.8,0,121.6,174,6.7,1056.4,778.5,3,15.44,0.751,2.79971738962803
203.5,305.3,0,203.5,0,963.4,630,7,19.54,1,3.02237420450041
425,106.3,0,153.5,16.5,852.1,887.1,56,64.3,0.361,4.17899203628239
310,143,111,168,22,914,651,28,33.69,0.542,3.54645146098166
349,0,0,192,0,1056,809,90,40.66,0.55,3.72954143583283
480,0,0,192,0,936,721,3,24.39,0.4,3.23435539571659
298.1,0,107.5,163.6,12.8,953.2,784,28,35.87,0.549,3.60739821224605
446,24,79,162,11.6,967,712,28,51.02,0.363,3.95162826002051
381.4,0,0,185.7,0,1104.6,784.3,7,14.54,0.487,2.7434173449395
475,0,0,162,9.5,1044,662,28,58.52,0.341,4.08631239052484
362.6,189,0,164.9,11.6,944.7,755.8,28,71.3,0.455,4.28082412916472
500,0,0,200,0,1125,613,3,26.06,0.4,3.29805662274264
425,106.3,0,153.5,16.5,852.1,887.1,91,65.2,0.361,4.19268046294296
261,100,78,201,9,864,761,28,32.4,0.77,3.50855589998265
359,19,141,154,10.9,942,801,56,68.75,0.429,4.24491742070147
237.5,237.5,0,228,0,932,594,90,33.12,0.96,3.52988372262348
393,0,0,192,0,940.6,785.6,3,19.2,0.489,3.00568260440716
286.3,200.9,0,144.7,11.2,1004.6,803.7,56,72.99,0.505,4.30392994893746
213.7,98.1,24.5,181.7,6.9,1065.8,785.4,56,50.77,0.85,3.94681083091381
173.8,93.4,159.9,172.3,9.7,1007.2,746.6,56,48.99,0.991,3.91182298542548
238.1,0,94.1,186.7,7,949.9,847,3,19.93,0.784,3.04118353645791
251.4,0,118.3,188.5,6.4,1028.4,757.7,14,24.43,0.75,3.23592957943403
387,20,94,157,13.9,938,845,56,47.97,0.406,3.89120786571423
531.3,0,0,141.8,28.2,852.1,893.7,7,46.9,0.267,3.86911550441687
304,76,0,228,0,932,670,180,50.95,0.75,3.95028171754524
525,0,0,189,0,1125,613,90,58.78,0.36,4.09067115685579
145,116,119,184,5.7,833,880,28,29.16,1.269,3.40651654313976
212,141.3,0,203.5,0,973.4,750,3,6.81,0.96,2.05540496385159
374,189.2,0,170.1,10.1,926.1,756.7,7,46.2,0.455,3.85439389259151
165,0,150,182,12,1023,729,28,18.03,1.103,2.94601668130806
424,22,132,168,8.9,822,750,28,72.1,0.396,4.29182836675573
150,236.8,0,173.8,11.9,1069.3,674.8,28,37.43,1.159,3.64883840457675
212,141.3,0,203.5,0,973.4,750,7,15.03,0.96,2.77446196662146
272.8,181.9,0,185.7,0,1012.4,714.3,7,19.77,0.681,3.03350963788802
284,15,141,179,5.5,842,801,28,43.73,0.63,3.80064441744476
116,173,0,192,0,909.8,891.9,3,6.28,1.655,1.98513086220859
260,101,78,171,10,936,763,28,49.77,0.658,3.9273056289593
376,0,0,214.6,0,1003.5,762.4,28,31.97,0.571,3.49559805708364
379.5,151.2,0,153.9,15.9,1134.3,605,7,47.1,0.406,3.87328217711172
233.8,0,94.6,197.9,4.6,947,852.2,56,27.66,0.846,3.35550242240003
181.9,272.8,0,185.7,0,1012.4,714.3,28,27.94,1.021,3.36522472120334
500,0,0,200,0,1125,613,90,47.22,0.4,3.87577387275303
167,75.4,167,164,7.9,1007.3,770.1,14,32.9,0.982,3.5234150143864
212.6,0,100.4,159.4,10.4,1003.8,903.8,3,13.33,0.75,2.66235524184008
297.2,0,117.5,174.8,9.5,1022.8,753.5,28,47.4,0.588,3.87949981372259
153.1,145,113,178.5,8,1001.9,688.7,28,25.56,1.166,3.27940632460823
173,116,0,192,0,946.8,856.8,28,24.28,1.11,3.23001356927866
525,0,0,189,0,1125,613,7,42.42,0.36,3.77092016445015
289,0,0,192,0,913.2,895.3,28,25.57,0.664,3.27978275977172
228,342.1,0,185.7,0,955.8,674.3,28,39.7,0.814,3.70622809244855
182,45.2,122,170.2,8.2,1059.4,780.7,56,43.5,0.935,3.79548918917219
144,136,106,178,7,941,774,28,26.14,1.236,3.30100865440672
155,183,0,193,9,1047,697,28,18.28,1.245,2.9590682891824
251.4,0,118.3,188.5,6.4,1028.4,757.7,3,13.12,0.75,2.6475922320651
475,118.8,0,181.1,8.9,852.1,781.5,56,72.3,0.381,4.29456060889261
190,190,0,228,0,932,670,270,50.66,1.2,3.94468378766769
157,236,0,192,0,935.4,781.2,28,33.66,1.223,3.54558628428746
355,19,97,145,13.1,967,871,28,44.03,0.408,3.80732893431348
202,11,141,206,1.7,942,801,56,23.25,1.02,3.18841661738349
446,24,79,162,11.6,967,712,56,55.25,0.363,4.02980604108453
425,106.3,0,151.4,18.6,936,803.7,91,66.7,0.356,4.21508617991823
362.6,189,0,164.9,11.6,944.7,755.8,7,55.9,0.455,4.04129534113228
425,106.3,0,153.5,16.5,852.1,887.1,28,60.29,0.361,4.11561669749764
190.7,0,125.4,162.1,7.8,1090,804,100,40.57,0.85,3.72737875326455
325,0,0,184,0,1063,783,28,30.57,0.566,3.4522073025699
251.4,0,118.3,188.5,6.4,1028.4,757.7,100,44.21,0.75,3.81131830130651
525,0,0,189,0,1125,613,180,61.92,0.36,4.14186407819008
212.5,0,100.4,159.3,8.7,1007.8,903.6,56,42.55,0.75,3.77390970329851
149,236,0,176,13,847,893,28,32.96,1.181,3.52518336144315
375,93.8,0,126.6,23.4,852.1,992.6,56,60.2,0.338,4.11414718951828
173.5,50.1,173.5,164.8,6.5,1006.2,793.5,100,56.06,0.95,4.04410334578535
165,0,143.6,163.8,0,1005.6,900.9,56,36.56,0.993,3.62593965434006
168,42.1,163.8,121.8,5.7,1058.7,780.1,3,7.75,0.725,2.16905370036952
157,214,152,200,9,819,704,28,33.05,1.274,3.52783003259552
272.6,0,89.6,198.7,10.6,931.3,762.2,28,32.25,0.729,3.50405476710186
251.8,0,99.9,146.1,12.4,1006,899.8,100,45.37,0.58,3.83665269840337
322,0,0,203,0,974,800,28,25.18,0.63,3.26499576048175
238.1,0,0,185.7,0,1118.8,789.3,7,10.34,0.78,2.42833629829961
424,22,132,168,8.9,822,750,56,74.36,0.396,4.32227663026811
339,0,0,197,0,968,781,180,36.45,0.581,3.62300670996323
331,0,0,192,0,978,825,3,13.52,0.58,2.67552700939665
133.1,210.2,0,195.7,3.1,949.4,795.3,28,28.94,1.47,3.39919537899148
212.1,0,121.6,180.3,5.7,1057.6,779.3,28,24.9,0.85,3.25424296870549
165,128.5,132.1,175.1,8.1,1005.8,746.6,56,53.72,1.061,4.00222927331429
145,0,134,181,11,979,812,28,13.2,1.248,2.65324196460721
277,0,0,191,0,968,856,3,11.36,0.69,2.51446545202954
339,0,0,197,0,968,781,365,38.89,0.581,3.68612566591732
143.6,0,174.9,158.4,17.9,942.7,844.5,28,15.42,1.103,2.79850010402428
210.7,316.1,0,185.7,0,977,689.3,7,21.82,0.881,3.12763734443393
362.6,189,0,164.9,11.6,944.7,755.8,56,77.3,0.455,4.36054760299676
260.9,100.5,78.3,200.6,8.6,864.5,761.5,28,32.4,0.769,3.50855589998265
305.3,203.5,0,203.5,0,965.4,631,3,14.14,0.667,2.7173402480093
166.1,0,163.3,176.5,4.5,1058.6,780.1,100,33.54,1.063,3.54211807271853
500,0,0,151,9,1033,655,28,69.84,0.302,4.26042381291463
475,0,0,228,0,932,594,7,38.6,0.48,3.67882911826043
229.7,0,118.2,195.2,6.1,1028.1,757.6,100,40.86,0.85,3.73433071701785
439,177,0,186,11.1,884.9,707.9,7,56.1,0.424,4.04480411666196
393,0,0,192,0,940,758,3,19.11,0.489,3.00121720378456
238.1,0,94.1,186.7,7,949.9,847,28,30.23,0.784,3.44137917129499
491,26,123,201,3.9,822,699,56,61.86,0.409,4.14091003136942
491,26,123,210,3.9,882,699,56,59.59,0.428,4.1041298629569
388.6,97.1,0,157.9,12.1,852.1,925.7,56,55.2,0.406,4.02891675689965
295.8,0,0,185.7,0,1091.4,769.3,7,14.84,0.628,2.76253838638628
250,0,95.7,187.4,5.5,956.9,861.2,56,38.33,0.75,3.67198758644372
339,0,0,197,0,968,781,14,27.04,0.581,3.33363206216639
332.5,142.5,0,228,0,932,594,180,39.78,0.686,3.70819176514631
167,75.4,167,164,7.9,1007.3,770.1,3,15.52,0.982,2.80457176809283
380,95,0,228,0,932,594,180,40.76,0.6,3.73193894357438
380,0,0,228,0,932,670,270,53.3,0.6,3.99452422693989
288,121,0,177,7,908,829,28,42.13,0.615,3.76421881065975
212.6,0,100.4,159.4,10.4,1003.8,903.8,100,47.74,0.75,3.88650004819706
200,133,0,192,0,965.4,806.2,90,43.25,0.96,3.78985537145394
387,20,94,157,13.9,938,845,3,25.51,0.406,3.27752202030093
296,0,0,186,0,1090,769,7,18.91,0.628,2.9912221180761
322.2,0,115.6,196,10.4,817.9,813.4,28,31.18,0.608,3.47134514156424
251.4,0,118.3,188.5,5.8,1028.4,757.7,14,29.93,0.75,3.43172658669698
446,24,79,162,11.6,967,712,3,35.36,0.363,3.59346926930928
304,76,0,228,0,932,670,270,54.38,0.75,4.01421851774282
310,0,0,192,0,1012,830,3,11.85,0.619,2.55334381134123
405,0,0,175,0,1120,695,28,52.3,0.432,3.9759363311718
321,164,0,190,5,870,774,28,57.21,0.592,4.06405716128364
275,0,0,183,0,1088,808,7,14.2,0.665,2.72129542785223
149,117.6,91.7,182.9,7.1,953.4,780.3,28,23.52,1.228,3.19948911106801
186.2,124.1,0,185.7,0,1083.4,764.3,7,8,0.997,2.19722457733622
446,24,79,162,11.6,967,712,7,39.3,0.363,3.69635146895264
401.8,94.7,0,147.4,11.4,946.8,852.1,7,54.1,0.367,4.00914971615887
331,0,0,192,0,1025,821,3,14.31,0.58,2.72850620966959
198.6,132.4,0,192,0,978.4,825.5,180,41.72,0.967,3.75466719465194
222.4,0,96.7,189.3,4.5,967.1,870.3,100,40.71,0.851,3.73074090820885
173.8,93.4,159.9,172.3,9.7,1007.2,746.6,14,29.55,0.991,3.4193646856176
255,0,0,192,0,889.8,945,28,18.75,0.753,2.98315349134713
255.3,98.8,77,188.6,6.5,919,749.3,28,33.8,0.739,3.54961738678043
322,0,116,196,10,818,813,28,31.18,0.609,3.47134514156424
266.2,112.3,87.5,177.9,10.4,909.7,744.5,28,39.42,0.668,3.69932471197547
480,0,0,192,0,936.2,712.2,3,24.4,0.4,3.23474917402449
250,0,95.7,191.8,5.3,948.9,857.2,3,8.49,0.767,2.25023861262184
190.7,0,125.4,162.1,7.8,1090,804,28,26.4,0.85,3.31054301339402
214.9,53.8,121.9,155.6,9.6,1014.3,780.6,14,38.6,0.724,3.67882911826043
277.2,97.8,24.5,160.7,11.2,1061.7,782.5,100,66.95,0.58,4.21877214059715
385,0,136,158,20,903,768,28,55.55,0.41,4.03512520256213
307,0,0,193,0,968,812,3,12.54,0.629,2.60564826748413
295.7,0,95.6,171.5,8.9,955.1,859.2,28,39.94,0.58,3.71210758023314
246.8,0,125.1,143.3,12,1086.8,800.9,3,23.52,0.581,3.19948911106801
525,0,0,189,0,1125,613,28,55.94,0.36,4.04199808184989
250,0,0,182,0,1100,820,7,12.73,0.728,2.61958321977988
251.4,0,118.3,192.9,5.8,1043.6,754.3,56,39.27,0.767,3.69560677486336
540,0,0,173,0,1125,613,14,59.76,0.32,4.10693167772757
190.3,0,125.2,166.6,9.9,1079,798.9,28,24.85,0.875,3.25231060095444
387,20,94,157,14.3,938,845,7,36.84,0.406,3.63336674418368
173,116,0,192,0,946.8,856.8,7,11.39,1.11,2.51688969564105
166.1,0,163.3,176.5,4.5,1058.6,780.1,56,28.63,1.063,3.38878736158547
310,0,0,192,0,970,850,28,27.92,0.619,3.36453339729056
254,0,0,198,0,968,863,3,9.31,0.78,2.33311429802887
190.3,0,125.2,161.9,9.9,1088.1,802.6,14,22.72,0.851,3.16631857412952
145,0,179,202,8,824,869,28,10.54,1.393,2.44581926107995
277.1,0,97.4,160.6,11.8,973.9,875.6,3,23.14,0.58,3.18387021566939
289,0,0,192,0,913.2,895.3,3,11.65,0.664,2.53765721517353
339.2,0,0,185.7,0,1069.2,754.3,28,31.9,0.547,3.49347265777133
200,0,0,180,0,1125,845,7,7.84,0.9,2.17928687664955
295.8,0,0,185.7,0,1091.4,769.3,28,25.22,0.628,3.26652247833555
230,0,118.3,195.5,4.6,1029.4,758.6,14,20.08,0.85,3.04832472367316
425,106.3,0,151.4,18.6,936,803.7,7,46.8,0.356,3.86702563949741
238.1,0,94.1,186.7,7,949.9,847,56,39.59,0.784,3.70352173085081
284,15,141,179,5.5,842,801,3,13.4,0.63,2.66722820658195
349,0,0,192,0,1047,806.9,3,15.05,0.55,2.77570884957602
152,178,139,168,18,944,695,28,36.35,1.105,3.62033291157883
160.2,188,146.4,203.2,11.3,828.7,709.7,28,35.31,1.268,3.59209318542624
202,11,141,206,1.7,942,801,7,15.07,1.02,2.77695417974942
194.7,0,100.5,170.2,7.5,998,901.8,3,12.18,0.874,2.57870052907436
156,178,187,221,7,854,614,28,29.41,1.417,3.41477150168927
222.4,0,96.7,189.3,4.5,967.1,870.3,14,24.45,0.851,3.23671574299653
143.8,136.3,106.2,178.1,7.5,941.5,774.3,28,26.15,1.239,3.30137704637994
168.9,42.2,124.3,158.3,10.8,1080.8,796.2,100,48.15,0.937,3.89487684659318
266,114,0,228,0,932,670,90,47.03,0.857,3.87182581567673
194.7,0,100.5,165.6,7.5,1006.4,905.9,56,33.96,0.851,3.55420455078733
349,0,0,192,0,1056,809,28,33.61,0.55,3.54414265764725
380,95,0,228,0,932,594,7,32.82,0.6,3.52105234347043
151,0,184,167,12,991,772,28,15.57,1.106,2.80759383143847
376,0,0,214.6,0,1003.5,762.4,3,16.28,0.571,2.84954976337591
212,0,124.8,159,7.8,1085.4,799.5,28,38.5,0.75,3.67630067190708
310,0,0,192,0,971,850.6,3,9.87,0.619,2.38600670113312
307,0,0,193,0,968,812,180,34.49,0.629,3.56925096665841
166,259.7,0,183.2,12.7,858.8,826.8,28,37.92,1.104,3.6615082573178
252.5,0,0,185.7,0,1111.6,784.3,7,11.48,0.735,2.52412736294128
475,118.8,0,181.1,8.9,852.1,781.5,28,68.3,0.381,4.23844490619586
229.7,0,118.2,195.2,6.1,1028.1,757.6,28,24.54,0.85,3.24024585060439
158.8,238.2,0,185.7,0,1040.6,734.3,7,9.62,1.169,2.36273901581379
139.9,132.6,103.3,200.3,7.4,916,753.4,28,36.44,1.432,3.62273965160939
349,0,0,192,0,1047,806,3,14.99,0.55,2.77196352684586
157,236,0,192,0,935.4,781.2,3,9.69,1.223,2.36930872503695
122.6,183.9,0,203.5,0,958.2,800.1,7,10.35,1.66,2.42921774392741
218.9,0,124.1,158.5,11.3,1078.7,794.9,14,26.05,0.724,3.29768700529249
331,0,0,192,0,978,825,90,37.23,0.58,3.64362054770832
295,0,0,185,0,1069,769,28,25.18,0.627,3.26499576048175
173.5,50.1,173.5,164.8,6.5,1006.2,793.5,56,53.77,0.95,4.00314259879563
374.3,0,0,190.2,6.7,1013.2,730.4,28,39.06,0.508,3.69037833023767
287.3,120.5,93.9,187.6,9.2,904.4,695.9,28,43.8,0.653,3.80220813942094
298.1,0,107,186.4,6.1,879,815.2,28,42.64,0.625,3.77597416096487
190,190,0,228,0,932,670,365,53.69,1.2,4.00168087735868
350,0,0,186,0,1050,770,28,34.29,0.531,3.56359963768718
303.6,139.9,0,213.5,6.2,895.5,722.5,28,33.42,0.703,3.53863779078339
350,0,0,203,0,974,775,28,27.34,0.58,3.34427423426253
168.9,42.2,124.3,158.3,10.8,1080.8,796.2,3,7.4,0.937,2.12823170584927
339,0,0,185,0,1069,754,7,21.16,0.546,3.09828886187908
252.3,0,98.8,146.3,14.2,987.8,889,3,21.78,0.58,3.12588295801904
380,95,0,228,0,932,594,365,43.7,0.6,3.79997350161952
500,0,0,200,0,1125,613,180,51.04,0.4,3.9520126536443
249.1,0,98.8,158.1,12.8,987.8,889,28,30.85,0.635,3.46103738201817
167,75.4,167,164,7.9,1007.3,770.1,56,53.46,0.982,3.99746648724561
381.4,0,0,185.7,0,1104.6,784.3,28,22.49,0.487,3.15657479867082
500,0,0,200,0,1125,613,28,44.09,0.4,3.80866049243299
212,141.3,0,203.5,0,973.4,750,28,33,0.96,3.52636052461616
255,0,0,192,0,889.8,945,7,10.22,0.753,2.41769790009455
220.8,147.2,0,185.7,0,1055,744.3,7,13.09,0.841,2.64546532591059
192,288,0,192,0,929.8,716.1,28,39.32,1,3.69684762376311
213.7,0,174.7,154.8,10.2,1053.5,776.4,100,50.08,0.724,3.93339303116434
190.3,0,125.2,161.9,9.9,1088.1,802.6,3,9.45,0.851,2.34660197841082
540,0,0,162,2.5,1040,676,28,79.99,0.3,4.3943256902609
362.6,189,0,164.9,11.6,944.7,755.8,91,79.3,0.455,4.38576962095272
214.9,53.8,121.9,155.6,9.6,1014.3,780.6,28,52.2,0.724,3.9740583963476
289,0,0,192,0,913.2,895.3,7,14.6,0.664,2.74727091425549
108.3,162.4,0,203.5,0,938.2,849,28,20.59,1.879,3.07223024452672
210.7,316.1,0,185.7,0,977,689.3,28,37.81,0.881,3.65867794538081
362.6,189,0,164.9,11.6,944.7,755.8,28,71.3,0.455,4.28082412916472
170.3,155.5,0,185.7,0,1026.6,724.3,28,25.73,1.09,3.28578653015083
140,164,128,237,6,869,656,28,35.23,1.693,3.58988750490699
540,0,0,173,0,1125,613,90,69.66,0.32,4.257879641931
135.7,203.5,0,185.7,0,1076.2,759.3,28,18.2,1.368,2.95491027903374
150.9,0,183.9,166.6,11.6,991.2,772.2,28,15.57,1.104,2.80759383143847
469,117.2,0,137.8,32.2,852.1,840.5,7,54.9,0.294,4.02356438016105
290.4,0,96.2,168.1,9.4,961.2,865,100,48.97,0.579,3.91142282535611
167,75.4,167,164,7.9,1007.3,770.1,100,56.81,0.982,4.05716177109438
250.2,166.8,0,203.5,0,977.6,694.1,7,19.35,0.813,3.0130809118886
236,0,0,194,0,968,885,28,18.42,0.822,2.96630346286318
192,288,0,192,0,929.8,716.1,7,21.48,1,3.11262602502549
333,17.5,163,167,17.9,996,652,28,47.28,0.502,3.87701739622933
158.8,238.2,0,185.7,0,1040.6,734.3,28,21.07,1.169,3.09421922026864
252.3,0,98.8,146.3,14.2,987.8,889,28,50.6,0.58,3.94352167248752
446,24,79,162,11.6,967,712,7,38.02,0.363,3.66407433519497
254,0,0,198,0,968,863,365,29.79,0.78,3.42718996193641
349,0,0,192,0,1047,806,360,42.13,0.55,3.76421881065975
213.5,0,174.2,159.2,11.7,1043.6,771.9,3,15.61,0.746,2.8100049236252
251.4,0,118.3,188.5,5.8,1028.4,757.7,28,29.65,0.75,3.42263266238222
194.7,0,100.5,170.2,7.5,998,901.8,56,43.39,0.874,3.79301421884594
135,105,193,196,6,965,643,28,21.91,1.452,3.1315734964654
277.1,0,97.4,160.6,11.8,973.9,875.6,28,48.28,0.58,3.89751831922526
251.4,0,118.3,188.5,5.8,1028.4,757.7,100,43.58,0.75,3.79728532795772
387,20,94,157,14.3,938,845,3,22.75,0.406,3.16758253048065
525,0,0,189,0,1125,613,3,33.8,0.36,3.54961738678043
151,0,185,167,16,1074,678,28,13.46,1.106,2.67138621673062
146.5,114.6,89.3,201.9,8.8,860,829.5,28,19.99,1.378,3.04404613383254
362.6,189,0,164.9,11.6,944.7,755.8,91,79.3,0.455,4.38576962095272
313.3,145,0,178.5,8,1001.9,688.7,28,41.05,0.57,3.73885938641896
250.2,166.8,0,203.5,0,977.6,694.1,28,36.96,0.813,3.63653297374173
374,0,0,190,7,1013,730,28,39.05,0.508,3.69012867351437
146,230,0,202,3,827,872,28,33.06,1.384,3.52812367523454
168.9,42.2,124.3,158.3,10.8,1080.8,796.2,28,31.12,0.937,3.46947888907856
212.1,0,121.6,180.3,5.7,1057.6,779.3,14,20.92,0.85,3.08739946207981
400,0,0,187,0,1025,745,7,30.14,0.468,3.43849316640585
212.6,0,100.4,159.4,10.4,1003.8,903.8,56,44.4,0.75,3.8155121050473
275,0,0,183,0,1088,808,28,24.5,0.665,3.23867845216438
540,0,0,173,0,1125,613,180,71.62,0.32,4.28524036598619
376,0,0,214.6,0,1003.5,762.4,56,36.3,0.571,3.61899332664977
314,0,113,170,10,925,783,28,38.46,0.541,3.67528750059447
298,0,107,164,13,953,784,28,35.86,0.55,3.60712695224168
251.4,0,118.3,192.9,5.8,1043.6,754.3,100,40.15,0.767,3.71722392712308
296,0,106.7,221.4,10.5,819.2,778.4,28,31.42,0.748,3.47877551630753
251.4,0,118.3,192.9,5.8,1043.6,754.3,14,20.73,0.767,3.07869379426834
153,102,0,192,0,888,943.1,3,4.78,1.255,1.75440368268429
314,145.3,113.2,178.9,8,869.1,690.2,28,46.23,0.57,3.85502928390803
190.3,0,125.2,166.6,9.9,1079,798.9,100,33.56,0.875,3.54269694393586
446,24,79,162,11.6,967,712,3,23.35,0.363,3.1925318495286
307,0,0,193,0,968,812,90,32.92,0.629,3.5240048109237
516,0,0,162,8.3,801,802,28,41.37,0.314,3.74644056463847
168,42.1,163.8,121.8,5.7,1058.7,780.1,56,32.85,0.725,3.52193899935828
427.5,47.5,0,228,0,932,594,7,35.08,0.533,3.58573869519442
173.5,50.1,173.5,164.8,6.5,1006.2,793.5,28,38.2,0.95,3.66867674679642
333,0,0,192,0,931.2,842.6,7,23.4,0.577,3.19458313229916
339,0,0,197,0,968,781,7,20.97,0.581,3.08967788639652
152,0,112,184,8,992,816,28,12.18,1.211,2.57870052907436
213.8,98.1,24.5,181.7,6.7,1066,785.5,3,13.18,0.85,2.65183252110398
152.7,144.7,0,178.1,8,999.7,822.2,28,19.01,1.166,2.99623214859564
198.6,132.4,0,192,0,978.4,825.5,7,14.64,0.967,2.74983173511717
222.4,0,96.7,189.3,4.5,967.1,870.3,3,11.58,0.851,2.53210825127229
305,0,100,196,10,959,705,28,30.12,0.643,3.43785069931019
375,0,0,186,0,1038,758,7,26.06,0.496,3.29805662274264
297.2,0,117.5,174.8,9.5,1022.8,753.5,100,56.74,0.588,4.05595017423479
148.5,139.4,108.6,192.7,6.1,892.4,780,28,23.7,1.298,3.20680324363393
272.8,105.1,81.8,209.7,9,904,679.7,28,37.17,0.769,3.64204986675714
424,22,132,168,8.9,822,750,3,32.11,0.396,3.49983535155915
359,19,141,154,10.9,942,801,7,38.61,0.429,3.67908161163383
332.5,142.5,0,228,0,932,594,28,33.02,0.686,3.52694858696772
380,95,0,228,0,932,594,28,36.45,0.6,3.62300670996323
446,24,79,162,11.6,967,712,7,52.01,0.363,3.97048057499971
108.3,162.4,0,203.5,0,938.2,849,7,7.72,1.879,2.16561923792089
249.1,0,98.8,158.1,12.8,987.8,889,14,28.68,0.635,3.39047341829918
389.9,189,0,145.9,22,944.7,755.8,7,59.09,0.374,4.09584343834584
250,0,95.7,191.8,5.3,948.9,857.2,14,24.66,0.767,3.24493335918749
213.7,0,174.7,154.8,10.2,1053.5,776.4,3,17.57,0.724,2.92154737536461
165,128.5,132.1,175.1,8.1,1005.8,746.6,28,46.39,1.061,3.8584112359795
182,45.2,122,170.2,8.2,1059.4,780.7,28,31.27,0.935,3.47413800606387
469,117.2,0,137.8,32.2,852.1,840.5,28,66.9,0.294,4.21803603456465
154,174,185,228,7,845,612,28,24.34,1.481,3.23238417489299
250,0,0,182,0,1100,820,28,20.87,0.728,3.08511583468868
200,133,0,192,0,965.4,806.2,28,30.44,0.96,3.44808096756101
172.4,13.6,172.4,156.8,4.1,1006.3,856.4,14,29.75,0.91,3.42588999425253
164.2,0,200.1,181.2,12.6,849.3,846,28,15.09,1.104,2.77819796100429
382.5,0,0,185.7,0,1047.8,739.3,7,24.07,0.485,3.2216719121702
313,161,0,178,10,917,759,28,52.44,0.569,3.97855952922839
250,180,95,159,9.5,860,800,28,67.87,0.636,4.23222066955661
397,0,0,185,0,1040,734,28,39.09,0.466,3.69112692665442
139.7,163.9,127.7,236.7,5.8,868.6,655.6,28,35.23,1.694,3.58988750490699
190.3,0,125.2,161.9,9.9,1088.1,802.6,56,38.56,0.851,3.67781850675451
331,170,0,195,8,811,802,28,56.61,0.589,4.05369616374429
229.7,0,118.2,195.2,6.1,1028.1,757.6,14,22.32,0.85,3.14931136148229
425,106.3,0,153.5,16.5,852.1,887.1,7,49.2,0.361,3.91601502669768
385,0,0,186,0,966,763,1,6.27,0.483,1.98375629154543
238.1,0,94.1,186.7,7,949.9,847,14,25.69,0.784,3.28428896341643
325.6,166.4,0,174,8.9,881.6,790,28,61.24,0.534,4.13099787987014
337.9,189,0,174.9,9.5,944.7,755.8,91,67.8,0.518,4.2312037449393
222.4,0,96.7,189.3,4.5,967.1,870.3,28,24.89,0.851,3.25385679376345
212,0,124.8,159,7.8,1085.4,799.5,100,47.82,0.75,3.88814006496481
181.4,0,167,169.6,7.6,1055.6,777.8,56,35.57,0.935,3.59922823216129
531.3,0,0,141.8,28.2,852.1,893.7,56,58.8,0.267,4.09100566095659
337.9,189,0,174.9,9.5,944.7,755.8,7,35.1,0.518,3.58629286533884
302,0,0,203,0,974,817,28,21.75,0.672,3.12456514539696
313.3,262.2,0,175.5,8.6,1046.9,611.8,3,28.8,0.56,3.39450839351136
332.5,142.5,0,228,0,932,594,7,30.28,0.686,3.44297891567711
300,0,0,184,0,1075,795,7,15.58,0.613,2.80819714970715
337.9,189,0,174.9,9.5,944.7,755.8,3,24.1,0.518,3.22286784613774
388.6,97.1,0,157.9,12.1,852.1,925.7,7,34.9,0.406,3.58073729549423
491,26,123,201,3.9,822,699,3,29.55,0.409,3.4193646856176
165,0,143.6,163.8,0,1005.6,900.9,3,14.4,0.993,2.73436750941958
252.3,0,98.8,146.3,14.2,987.8,889,56,55.83,0.58,4.04006435530903
349,0,0,192,0,1056,809,3,15.87,0.55,2.82553689655788
427.5,47.5,0,228,0,932,594,270,43.01,0.533,3.784416880823
249.1,0,98.8,158.1,12.8,987.8,889,3,15.36,0.635,2.7948393311746
203.5,135.7,0,185.7,0,1076.2,759.3,28,22.63,0.913,3.16251709119882
132,206.5,160.9,178.9,5.5,866.9,735.6,28,33.31,1.355,3.53543685687036
387,20,94,157,11.6,938,845,3,34.77,0.406,3.57710955327093
425,106.3,0,151.4,18.6,936,803.7,3,36.3,0.356,3.61899332664977
312.7,144.7,0,127.3,8,999.7,822.2,28,44.52,0.407,3.81815178981808
375,93.8,0,126.6,23.4,852.1,992.6,28,56.7,0.338,4.05525717351405
218.2,54.6,123.8,140.8,11.9,1075.7,792.7,100,63.53,0.645,4.16713023194775
300,0,0,184,0,1075,795,28,26.85,0.613,3.32683296637329
162,190,148,179,19,838,741,28,33.76,1.105,3.54846730039719
310,0,0,192,0,970,850,180,37.33,0.619,3.64623287939246
310,0,0,192,0,1012,830,120,38.7,0.619,3.68135118769314
401.8,94.7,0,147.4,11.4,946.8,852.1,56,73.7,0.367,4.31348009213877
213.7,98.1,24.5,181.7,6.9,1065.8,785.4,100,53.9,0.85,4.00551334851548
153,145,113,178,8,1002,689,28,25.56,1.163,3.27940632460823
273,105,82,210,9,904,680,28,37.17,0.769,3.64204986675714
214.9,53.8,121.9,155.6,9.6,1014.3,780.6,56,53.96,0.724,4.00660564791409
172.4,13.6,172.4,156.8,4.1,1006.3,856.4,3,21.29,0.91,3.10413814739778
516,0,0,162,8.2,801,802,28,41.37,0.314,3.74644056463847
116,173,0,192,0,909.8,891.9,7,10.09,1.655,2.40604380136228
331,0,0,192,0,1025,821,7,17.44,0.58,2.91452221812845
212.1,0,121.6,180.3,5.7,1057.6,779.3,100,39.61,0.85,3.70401434169821
155,0,143,193,9,1047,697,28,12.46,1.245,2.59972232421658
401.8,94.7,0,147.4,11.4,946.8,852.1,3,41.1,0.367,3.74004774068834
279.8,128.9,100.4,172.4,9.5,825.1,804.9,28,52.83,0.616,3.98583093257287
158.4,0,194.9,219.7,11,897.7,712.9,28,8.54,1.387,2.2554934854602
265,111,86,195,6,833,790,28,41.54,0.736,3.75044480977209
237.5,237.5,0,228,0,932,594,270,38.41,0.96,3.67401959120691
290.4,0,96.2,168.1,9.4,961.2,865,3,22.5,0.579,3.15700042115011
425,106.3,0,153.5,16.5,852.1,887.1,56,64.3,0.361,4.17899203628239
277.1,0,97.4,160.6,11.8,973.9,875.6,14,41.89,0.58,3.75863869852879
213.5,0,174.2,154.6,11.7,1052.3,775.5,14,33.7,0.724,3.54673968695281
146,173,0,182,3,986,817,28,23.74,1.247,3.20842136696434
425,106.3,0,153.5,16.5,852.1,887.1,7,49.2,0.361,3.91601502669768
500.1,0,0,200,3,1124.4,613.2,28,44.13,0.4,3.80954721383891
295.7,0,95.6,171.5,8.9,955.1,859.2,56,48.72,0.58,3.90640726664251
213.5,0,174.2,154.6,11.7,1052.3,775.5,56,51.43,0.724,3.95947894658444
141.9,166.6,129.7,173.5,10.9,882.6,785.3,28,44.61,1.223,3.82012699072361
491,26,123,201,3.9,822,699,28,57.92,0.409,4.07618059159443
148.1,0,182.1,181.4,15,838.9,884.3,28,15.53,1.225,2.80517691183293
313.3,262.2,0,175.5,8.6,1046.9,611.8,91,66.6,0.56,4.21360798304892
362.6,189,0,164.9,11.6,944.7,755.8,56,77.3,0.455,4.36054760299676
250,0,95.7,191.8,5.3,948.9,857.2,100,41.16,0.767,3.74147190423311
212,0,124.8,159,7.8,1085.4,799.5,56,45.08,0.75,3.83037901638764
148,0,137,158,16,1002,830,28,17.95,1.068,2.94180393152844
393,0,0,192,0,940.6,785.6,28,39.6,0.489,3.70376806660769
286.3,200.9,0,144.7,11.2,1004.6,803.7,3,24.4,0.505,3.23474917402449
233.8,0,94.6,197.9,4.6,947,852.2,100,34.56,0.846,3.5712214106457
213.7,0,174.7,154.8,10.2,1053.5,776.4,56,46.64,0.724,3.8636727444871
254,0,0,198,0,968,863,180,27.63,0.78,3.35445511911002
475,0,0,228,0,932,594,365,41.93,0.48,3.75957088223647
379.5,151.2,0,153.9,15.9,1134.3,605,91,56.5,0.406,4.0517849478033
355.9,0,141.6,193.3,11,801.4,778.4,28,40.87,0.543,3.73456958003105
153,145,0,178,8,1000,822,28,19.01,1.163,2.99623214859564
318,0,126,210,6,861,737,28,40.06,0.66,3.71503441159079
159.1,186.7,0,175.6,11.3,989.6,788.9,28,32.77,1.104,3.51957283439748
285,190,0,163,7.6,1031,685,28,53.58,0.572,3.99966751528019
379.5,151.2,0,153.9,15.9,1134.3,605,3,28.6,0.406,3.38777436133001
314,145,113,179,8,869,690,28,46.23,0.57,3.85502928390803
331,0,0,192,0,879,825,3,13.52,0.58,2.67552700939665
424,22,132,178,8.5,822,750,28,62.05,0.42,4.14392806241093
159,149,116,175,15,953,720,28,27.68,1.101,3.35620001573142
318.8,212.5,0,155.7,14.3,852.1,880.4,56,66.1,0.488,4.20618404397764
168,42.1,163.8,121.8,5.7,1058.7,780.1,14,17.82,0.725,2.93492013415723
385,0,0,186,0,966,763,7,23.22,0.483,3.18717873812495
212.1,0,121.6,180.3,5.7,1057.6,779.3,56,34.2,0.85,3.56104608260405
194.7,0,100.5,165.6,7.5,1006.4,905.9,14,24.99,0.851,3.2577118486534
239.6,359.4,0,185.7,0,941.6,664.3,28,39.44,0.775,3.69981939415227
310,0,0,192,0,970,850,360,38.11,0.619,3.66637818876742
181.4,0,167,169.6,7.6,1055.6,777.8,14,21.6,0.935,3.11794990627824
310,0,0,192,0,970,850,90,34.68,0.619,3.57459030771181
375,0,0,186,0,1038,758,28,38.21,0.496,3.66893181630424
310,0,0,192,0,970,850,7,14.99,0.619,2.77196352684586
297,0,0,186,0,1040,734,7,30.96,0.626,3.46448512089807
295.7,0,95.6,171.5,8.9,955.1,859.2,3,22.95,0.58,3.17596832385692
475,118.8,0,181.1,8.9,852.1,781.5,7,55.6,0.381,4.03600898520914
144,15,195,176,6,1021,709,28,15.34,1.222,2.79361608943186
446,24,79,162,10.3,967,712,56,54.77,0.363,4.02123609040146
321.4,0,127.9,182.5,11.5,870.1,779.7,28,37.27,0.568,3.64466629943761
350,0,0,203,0,974,775,7,18.13,0.58,2.95125778345216
313.3,145,0,178.5,8,867.2,824,28,40.93,0.57,3.73600156118267
316.1,210.7,0,185.7,0,977,689.3,7,24.44,0.587,3.23632273847192
362.6,189,0,164.9,11.6,944.7,755.8,7,55.9,0.455,4.04129534113228
397,0,0,185.7,0,1040.6,734.3,28,33.08,0.468,3.52871070196111
540,0,0,173,0,1125,613,28,67.31,0.32,4.22405616874376
313.3,262.2,0,175.5,8.6,1046.9,611.8,28,59.8,0.56,4.10758978897212
355,19,97,145,12.3,967,871,28,55.45,0.408,4.03335529059567
307,0,0,193,0,968,812,28,27.53,0.629,3.35095616522541
312.9,160.5,0,177.6,9.6,916.6,759.5,28,52.45,0.568,3.97874663747105
153.6,144.2,112.3,220.1,10.1,923.2,657.9,28,16.5,1.433,2.86220088092947
214.9,53.8,121.9,155.6,9.6,1014.3,780.6,100,56.63,0.724,4.05404326544858
143,169.4,142.7,190.7,8.4,967.4,643.5,28,29.73,1.334,3.42523937614239
362.6,189,0,164.9,11.6,944.7,755.8,3,35.3,0.455,3.5918177412708
153,102,0,192,0,888,943.1,28,17.96,1.255,2.94233149682688
194.7,0,100.5,170.2,7.5,998,901.8,100,44.28,0.874,3.81286543389493
142,167,130,174,11,883,785,28,44.61,1.225,3.82012699072361
272.8,181.9,0,185.7,0,1012.4,714.3,28,31.38,0.681,3.47754094824949
133,200,0,192,0,927.4,839.2,90,36.59,1.444,3.62673805757609
387,20,94,157,11.6,938,845,7,41.67,0.406,3.75349609719991
389.9,189,0,145.9,22,944.7,755.8,91,82.6,0.374,4.42604352009066
332.5,142.5,0,228,0,932,594,270,40.27,0.686,3.72013584376449
190,190,0,228,0,932,670,90,42.33,1.2,3.76884523575182
275.1,0,121.4,159.5,9.9,1053.6,777.5,56,56.85,0.58,4.05785345363969
166.1,0,163.3,176.5,4.5,1058.6,780.1,14,25.48,1.063,3.27638973106881
469,117.2,0,137.8,32.2,852.1,840.5,3,40.2,0.294,3.71843825635548
356,119,0,160,9,1061,657,28,59,0.449,4.0943445622221
307,0,0,193,0,968,812,365,36.15,0.629,3.61496377116377
200,133,0,192,0,965.4,806.2,7,17.17,0.96,2.89977188240808
313,145,0,178,8,867,824,28,44.39,0.569,3.81529181646837
251.8,0,99.9,146.1,12.4,1006,899.8,3,21.02,0.58,3.09195113129453
218.9,0,124.1,158.5,11.3,1078.7,794.9,3,15.34,0.724,2.79361608943186
277,0,0,191,0,968,856,14,21.26,0.69,3.1027913458474
520,0,0,175,5.2,870,805,28,51.02,0.337,3.95162826002051
277.2,97.8,24.5,160.7,11.2,1061.7,782.5,28,63.14,0.58,4.16106819426501
401.8,94.7,0,147.4,11.4,946.8,852.1,28,68.5,0.367,4.24132675257075
397,0,0,186,0,1040,734,28,36.94,0.469,3.63600596450687
362.6,189,0,164.9,11.6,944.7,755.8,28,71.3,0.455,4.28082412916472
236,157,0,192,0,972.6,749.1,3,13.57,0.814,2.67896462020711
141.3,212,0,203.5,0,971.8,748.5,90,39.66,1.44,3.7052448082002
231.8,0,121.6,174,6.7,1056.4,778.5,28,33.73,0.751,3.54760386675598
349,0,0,192,0,1047,806,180,41.05,0.55,3.73885938641896
167.4,129.9,128.6,175.5,7.8,1006.3,746.6,3,14.94,1.048,2.76883167336207
491,26,123,210,3.9,882,699,3,25.61,0.428,3.2812870849896
213.5,0,174.2,159.2,11.7,1043.6,771.9,28,44.64,0.746,3.82078452499387
393,0,0,192,0,940,758,28,39.58,0.489,3.70327533439767
305.3,203.5,0,203.5,0,965.4,631,7,25.89,0.667,3.29175447028077
298,0,107,210,11,880,744,28,31.87,0.705,3.49256038767613
287,121,94,188,9,904,696,28,41.94,0.655,3.75980379245064
425,106.3,0,151.4,18.6,936,803.7,28,61.8,0.356,4.13995507347415
250.2,166.8,0,203.5,0,977.6,694.1,90,47.71,0.813,3.88588434781845
277.2,97.8,24.5,160.7,11.2,1061.7,782.5,56,66.82,0.58,4.21685713669749
284,119.7,0,168.3,7.2,970.4,794.2,28,40.93,0.593,3.73600156118267
424,22,132,178,8.5,882,750,3,32.01,0.42,3.4968105458651
167.4,129.9,128.6,175.5,7.8,1006.3,746.6,100,53.66,1.048,4.00113218049992
350,0,0,203,0,974,775,180,32.72,0.58,3.51809113313365
202,11,141,206,1.7,942,801,28,21.97,1.02,3.13418901670101
139.6,209.4,0,192,0,1047,806.9,28,28.24,1.375,3.37553763488158
238,0,0,185,0,1118,789,28,17.54,0.777,2.91993056013771
424,22,132,168,8.9,822,750,7,40.29,0.396,3.720620339898
239.6,359.4,0,185.7,0,941.6,664.3,7,25.42,0.775,3.27412129909418
401.8,94.7,0,147.4,11.4,946.8,852.1,91,75.5,0.367,4.33729074083249
425,106.3,0,153.5,16.5,852.1,887.1,28,60.29,0.361,4.11561669749764
446,24,79,162,11.6,967,712,3,25.02,0.363,3.25886547308436
154,144,112,220,10,923,658,28,16.5,1.429,2.86220088092947
380,0,0,228,0,932,670,365,52.52,0.6,3.98005541581997
178,129.8,118.6,179.9,3.6,1007.3,746.8,14,34.24,1.011,3.56218180106798
164,163,128,197,8,961,641,28,27.23,1.201,3.3403852422654
160,250,0,168,12,1049,688,28,39.45,1.05,3.7000666435045
167.4,129.9,128.6,175.5,7.8,1006.3,746.6,28,41.2,1.048,3.74242022104197
165,0,143.6,163.8,0,1005.6,900.9,100,37.96,0.993,3.66253547877433
233.8,0,94.6,197.9,4.6,947,852.2,28,22.84,0.846,3.17136484219715
316.1,210.7,0,185.7,0,977,689.3,28,38.7,0.587,3.68135118769314
323.7,282.8,0,183.8,10.3,942.7,659.9,56,80.2,0.568,4.39691524716763
250,0,95.7,191.8,5.3,948.9,857.2,28,27.22,0.767,3.34003094642467
387,20,94,157,14.3,938,845,28,50.24,0.406,3.93652047702853
158,0,195,220,11,898,713,28,8.54,1.392,2.2554934854602
288,192,0,192,0,932,717.8,3,16.11,0.667,2.8396630879041
213.5,0,174.2,154.6,11.7,1052.3,775.5,100,59.3,0.724,4.09933210373314
213.7,98.1,24.5,181.7,6.9,1065.8,785.4,28,45.71,0.85,3.84395827451402
190.3,0,125.2,166.6,9.9,1079,798.9,3,12.55,0.875,2.60638654732571
313,0,0,178,8,1000,822,28,25.1,0.569,3.26193531432865
296,0,0,192,0,1085,765,90,29.39,0.649,3.4141136069287
359,19,141,154,10.9,942,801,28,62.94,0.429,4.1579451436317
153.1,145,113,178.5,8,867.2,824,28,26.23,1.166,3.30431930668567
298,0,107,186,6,879,815,28,42.64,0.624,3.77597416096487
140,133,103,200,7,916,753,28,36.44,1.429,3.62273965160939
139.6,209.4,0,192,0,1047,806.9,180,44.21,1.375,3.81131830130651
147,115,89,202,9,860,829,28,19.99,1.374,3.04404613383254
288,192,0,192,0,932,717.8,7,23.52,0.667,3.19948911106801
183.9,122.6,0,203.5,0,959.2,800,7,10.79,1.107,2.46725171454928
203.5,305.3,0,203.5,0,963.4,630,3,9.56,1,2.35707327827812
144.8,0,133.6,180.8,11.1,979.5,811.5,28,13.2,1.249,2.65324196460721
141.3,212,0,203.5,0,971.8,748.5,7,10.39,1.44,2.43273577745909
297.2,0,117.5,174.8,9.5,1022.8,753.5,3,21.91,0.588,3.1315734964654
135,0,166,180,10,961,805,28,13.29,1.333,2.65955999194178
531.3,0,0,141.8,28.2,852.1,893.7,3,41.3,0.267,3.74478708605223
276.4,116,90.3,179.6,8.9,870.1,768.3,28,44.28,0.65,3.81286543389493
342,38,0,228,0,932,670,270,55.06,0.667,4.02642254573664
540,0,0,173,0,1125,613,7,52.61,0.32,3.98173561783945
